{"text": " \uc5f0\uae08 \uc800\ucd95\uacfc \uc0ac\uace0 \ubcf4\ud5d8\uae08, \uc911\uc18c\uae30\uc5c5, \ud1f4\uc9c1 \uc5f0\uae08 \uae30\uae08\uc5d0 \ub300\ud574\uc11c\ub3c4 5\ucc9c\ub9cc \uc6d0\uc758 \uc608\uae08 \ubcf4\ud638 \ud55c\ub3c4\uac00 \uc801\uc6a9\ub429\ub2c8\ub2e4. \uae08\uc735\uc704\uc6d0\ud68c\uc640 \uc608\uae08 \ubcf4\ud5d8\uacf5\uc0ac\ub294 \uc624\ub298 \uc774 \uac19\uc740 \ub0b4\uc6a9\uc744 \ub2f4\uc740 \uc608\uae08\uc790 \ubcf4\ud638\ubc95 \uc2dc\ud589\ub839 \uac1c\uc815\uc548\uc774 \uad6d\ubb34\uc6e8\uc774\uc5d0\uc11c \uc758\uacb0\ub410\ub2e4\uace0 \ubc1d\ud614\uc2b5\ub2c8\ub2e4. \uc774\ubc88 \uac1c\uc815\uc548\uc740 \uc0ac\ud68c\ubcf4\uc7a5\uc801 \uc131\uaca9\uc774 \uac15\ud55c \uc5f0\uae08 \uc800\ucd95\uacfc \uc0ac\uace0 \ubcf4\ud5d8\uae08, \uc911\uc18c\uae30\uc5c5 \ud1f4\uc9c1 \uc5f0\uae08 \uae30\uae08 \uac01\uac01\uc5d0 \ub300\ud574\uc11c \uc77c\ubc18 \uc608\uae08\uacfc \ubd84\ub9ac\ud558\uc5ec \ubcc4\ub3c4\ub85c 5\ucc9c\ub9cc \uc6d0\uc758 \uc608\uae08 \ubcf4\ud638 \ud55c\ub3c4\ub97c \uc801\uc6a9\ud558\ub294 \ub0b4\uc6a9\uc774 \ub2f4\uacbc\uc2b5\ub2c8\ub2e4.", "segments": [{"id": 0, "seek": 0, "start": 0.0, "end": 3.6, "text": " \uc5f0\uae08 \uc800\ucd95\uacfc \uc0ac\uace0 \ubcf4\ud5d8\uae08, \uc911\uc18c\uae30\uc5c5, \ud1f4\uc9c1", "tokens": [50364, 11839, 4781, 4841, 9597, 243, 7097, 40836, 6330, 24651, 4781, 11, 7596, 12012, 2401, 11534, 11, 1175, 229, 1041, 25787, 50544], "temperature": 0.0, "avg_logprob": -0.15460578918457032, "compression_ratio": 1.6822742474916388, "no_speech_prob": 0.0008723381324671209}, {"id": 1, "seek": 0, "start": 3.6, "end": 6.62, "text": " \uc5f0\uae08 \uae30\uae08\uc5d0 \ub300\ud574\uc11c\ub3c4 5\ucc9c\ub9cc \uc6d0\uc758 \uc608\uae08 \ubcf4\ud638", "tokens": [50544, 11839, 4781, 7047, 4781, 1517, 5971, 7002, 226, 17099, 1025, 4758, 2163, 6478, 13499, 2785, 10134, 4781, 6330, 14705, 50695], "temperature": 0.0, "avg_logprob": -0.15460578918457032, "compression_ratio": 1.6822742474916388, "no_speech_prob": 0.0008723381324671209}, {"id": 2, "seek": 0, "start": 6.62, "end": 8.36, "text": " \ud55c\ub3c4\uac00 \uc801\uc6a9\ub429\ub2c8\ub2e4.", "tokens": [50695, 10737, 1838, 1453, 14370, 8761, 25041, 6665, 13, 50782], "temperature": 0.0, "avg_logprob": -0.15460578918457032, "compression_ratio": 1.6822742474916388, "no_speech_prob": 0.0008723381324671209}, {"id": 3, "seek": 0, "start": 8.36, "end": 11.0, "text": " \uae08\uc735\uc704\uc6d0\ud68c\uc640 \uc608\uae08 \ubcf4\ud5d8\uacf5\uc0ac\ub294 \uc624\ub298 \uc774 \uac19\uc740", "tokens": [50782, 34120, 2472, 113, 14098, 7573, 15048, 7590, 10134, 4781, 6330, 24651, 14913, 5727, 1098, 8880, 2620, 10005, 50914], "temperature": 0.0, "avg_logprob": -0.15460578918457032, "compression_ratio": 1.6822742474916388, "no_speech_prob": 0.0008723381324671209}, {"id": 4, "seek": 0, "start": 11.0, "end": 14.3, "text": " \ub0b4\uc6a9\uc744 \ub2f4\uc740 \uc608\uae08\uc790 \ubcf4\ud638\ubc95 \uc2dc\ud589\ub839 \uac1c\uc815\uc548\uc774", "tokens": [50914, 36898, 1638, 39700, 2124, 10134, 4781, 4264, 6330, 45706, 30610, 5710, 12724, 33055, 14552, 6170, 11264, 1129, 51079], "temperature": 0.0, "avg_logprob": -0.15460578918457032, "compression_ratio": 1.6822742474916388, "no_speech_prob": 0.0008723381324671209}, {"id": 5, "seek": 0, "start": 14.3, "end": 17.0, "text": " \uad6d\ubb34\uc6e8\uc774\uc5d0\uc11c \uc758\uacb0\ub410\ub2e4\uace0 \ubc1d\ud614\uc2b5\ub2c8\ub2e4.", "tokens": [51079, 13858, 33382, 1041, 249, 101, 13030, 2393, 14389, 1368, 2004, 35606, 7726, 48437, 3115, 13, 51214], "temperature": 0.0, "avg_logprob": -0.15460578918457032, "compression_ratio": 1.6822742474916388, "no_speech_prob": 0.0008723381324671209}, {"id": 6, "seek": 0, "start": 17.0, "end": 19.92, "text": " \uc774\ubc88 \uac1c\uc815\uc548\uc740 \uc0ac\ud68c\ubcf4\uc7a5\uc801 \uc131\uaca9\uc774 \uac15\ud55c \uc5f0\uae08", "tokens": [51214, 16299, 14552, 6170, 11264, 2124, 4744, 11193, 2457, 20107, 252, 98, 7554, 14409, 15231, 1129, 14623, 3049, 11839, 4781, 51360], "temperature": 0.0, "avg_logprob": -0.15460578918457032, "compression_ratio": 1.6822742474916388, "no_speech_prob": 0.0008723381324671209}, {"id": 7, "seek": 0, "start": 19.92, "end": 24.12, "text": " \uc800\ucd95\uacfc \uc0ac\uace0 \ubcf4\ud5d8\uae08, \uc911\uc18c\uae30\uc5c5 \ud1f4\uc9c1 \uc5f0\uae08 \uae30\uae08", "tokens": [51360, 4841, 9597, 243, 7097, 40836, 6330, 24651, 4781, 11, 7596, 12012, 2401, 11534, 1175, 229, 1041, 25787, 11839, 4781, 7047, 4781, 51570], "temperature": 0.0, "avg_logprob": -0.15460578918457032, "compression_ratio": 1.6822742474916388, "no_speech_prob": 0.0008723381324671209}, {"id": 8, "seek": 0, "start": 24.12, "end": 28.28, "text": " \uac01\uac01\uc5d0 \ub300\ud574\uc11c \uc77c\ubc18 \uc608\uae08\uacfc \ubd84\ub9ac\ud558\uc5ec \ubcc4\ub3c4\ub85c 5\ucc9c\ub9cc", "tokens": [51570, 28378, 7387, 1517, 27382, 47057, 10134, 4781, 7097, 21735, 2250, 2240, 10558, 2818, 24798, 12888, 1025, 4758, 2163, 6478, 51778], "temperature": 0.0, "avg_logprob": -0.15460578918457032, "compression_ratio": 1.6822742474916388, "no_speech_prob": 0.0008723381324671209}, {"id": 9, "seek": 2828, "start": 28.28, "end": 30.36, "text": " \uc6d0\uc758 \uc608\uae08 \ubcf4\ud638 \ud55c\ub3c4\ub97c \uc801\uc6a9\ud558\ub294 \ub0b4\uc6a9\uc774", "tokens": [50364, 13499, 2785, 10134, 4781, 6330, 14705, 10737, 1838, 11297, 14370, 8761, 7116, 36898, 1129, 50468], "temperature": 0.0, "avg_logprob": -0.2108904797097911, "compression_ratio": 0.8641975308641975, "no_speech_prob": 0.12932081520557404}, {"id": 10, "seek": 2828, "start": 30.36, "end": 40.36, "text": " \ub2f4\uacbc\uc2b5\ub2c8\ub2e4.", "tokens": [50468, 39700, 30411, 3115, 13, 50968], "temperature": 0.0, "avg_logprob": -0.2108904797097911, "compression_ratio": 0.8641975308641975, "no_speech_prob": 0.12932081520557404}], "language": "Korean"}